{"current":"Crave","presets":{"Crave":{"logo_width":70,"color_schemes":{"scheme-1":{"settings":{"background":"#f2efdd","background_gradient":"","text":"#3d081b","button":"#910f3f","button_label":"#f2efdd","secondary_button_label":"#3d081b","shadow":"#3d081b"}},"scheme-2":{"settings":{"background":"#FAF9E1","background_gradient":"","text":"#3d081b","button":"#3d081b","button_label":"#FAF9E1","secondary_button_label":"#3d081b","shadow":"#3d081b"}},"scheme-3":{"settings":{"background":"#3d081b","background_gradient":"","text":"#f2efdd","button":"#f2efdd","button_label":"#3d081b","secondary_button_label":"#f2efdd","shadow":"#3d081b"}},"scheme-4":{"settings":{"background":"#910f3f","background_gradient":"","text":"#f2efdd","button":"#f2efdd","button_label":"#910f3f","secondary_button_label":"#f2efdd","shadow":"#3d081b"}},"scheme-5":{"settings":{"background":"#F9E547","background_gradient":"","text":"#3D081B","button":"#3D081B","button_label":"#F9E547","secondary_button_label":"#3D081B","shadow":"#3D081B"}}},"type_header_font":"proza_libre_n4","heading_scale":100,"type_body_font":"archivo_n4","body_scale":100,"page_width":1200,"spacing_sections":64,"spacing_grid_horizontal":12,"spacing_grid_vertical":12,"animations_reveal_on_scroll":true,"animations_hover_elements":"none","buttons_border_thickness":2,"buttons_border_opacity":100,"buttons_radius":40,"buttons_shadow_opacity":90,"buttons_shadow_horizontal_offset":0,"buttons_shadow_vertical_offset":2,"buttons_shadow_blur":0,"variant_pills_border_thickness":1,"variant_pills_border_opacity":55,"variant_pills_radius":40,"variant_pills_shadow_opacity":0,"variant_pills_shadow_horizontal_offset":0,"variant_pills_shadow_vertical_offset":0,"variant_pills_shadow_blur":0,"inputs_border_thickness":2,"inputs_border_opacity":100,"inputs_radius":12,"inputs_shadow_opacity":100,"inputs_shadow_horizontal_offset":0,"inputs_shadow_vertical_offset":2,"inputs_shadow_blur":0,"card_style":"standard","card_image_padding":0,"card_text_alignment":"left","card_color_scheme":"scheme-1","card_border_thickness":2,"card_border_opacity":100,"card_corner_radius":12,"card_shadow_opacity":100,"card_shadow_horizontal_offset":0,"card_shadow_vertical_offset":4,"card_shadow_blur":0,"collection_card_style":"standard","collection_card_image_padding":0,"collection_card_text_alignment":"left","collection_card_color_scheme":"scheme-1","collection_card_border_thickness":2,"collection_card_border_opacity":100,"collection_card_corner_radius":12,"collection_card_shadow_opacity":100,"collection_card_shadow_horizontal_offset":0,"collection_card_shadow_vertical_offset":4,"collection_card_shadow_blur":0,"blog_card_style":"standard","blog_card_image_padding":0,"blog_card_text_alignment":"left","blog_card_color_scheme":"scheme-1","blog_card_border_thickness":2,"blog_card_border_opacity":100,"blog_card_corner_radius":12,"blog_card_shadow_opacity":100,"blog_card_shadow_horizontal_offset":0,"blog_card_shadow_vertical_offset":4,"blog_card_shadow_blur":0,"text_boxes_border_thickness":2,"text_boxes_border_opacity":100,"text_boxes_radius":12,"text_boxes_shadow_opacity":100,"text_boxes_shadow_horizontal_offset":0,"text_boxes_shadow_vertical_offset":6,"text_boxes_shadow_blur":0,"media_border_thickness":2,"media_border_opacity":100,"media_radius":12,"media_shadow_opacity":100,"media_shadow_horizontal_offset":0,"media_shadow_vertical_offset":6,"media_shadow_blur":0,"popup_border_thickness":2,"popup_border_opacity":100,"popup_corner_radius":12,"popup_shadow_opacity":100,"popup_shadow_horizontal_offset":0,"popup_shadow_vertical_offset":2,"popup_shadow_blur":0,"drawer_border_thickness":3,"drawer_border_opacity":10,"drawer_shadow_opacity":100,"drawer_shadow_horizontal_offset":6,"drawer_shadow_vertical_offset":6,"drawer_shadow_blur":0,"badge_position":"top right","badge_corner_radius":40,"sale_badge_color_scheme":"scheme-4","brand_headline":"","brand_description":"<p><\/p>","brand_image_width":100,"sold_out_badge_color_scheme":"scheme-1","social_twitter_link":"","social_facebook_link":"","social_pinterest_link":"","social_instagram_link":"","social_tiktok_link":"","social_tumblr_link":"","social_snapchat_link":"","social_youtube_link":"","social_vimeo_link":"","predictive_search_enabled":true,"predictive_search_show_vendor":false,"predictive_search_show_price":true,"currency_code_enabled":true,"cart_type":"notification","show_vendor":false,"show_cart_note":true,"cart_drawer_collection":"","cart_color_scheme":"scheme-1","sections":{"main-password-header":{"type":"main-password-header","settings":{"color_scheme":"scheme-1"}},"main-password-footer":{"type":"main-password-footer","settings":{"color_scheme":"scheme-1"}}}}}}