{"current":{"type_body_font":"instrument_sans_n4","type_subheading_font":"instrument_sans_n4","type_heading_font":"instrument_serif_n4","type_accent_font":"instrument_serif_n4","type_size_paragraph":"14","type_size_h1":"72","type_size_h2":"48","type_case_h2":"none","type_size_h3":"32","type_size_h4":"24","type_size_h5":"18","type_case_h6":"none","secondary_button_border_width":0,"cart_type":"drawer","popover_border":"none","currency_code_enabled_product_pages":false,"currency_code_enabled_product_cards":false,"product_corner_radius":10,"card_corner_radius":10,"variant_button_radius":100,"variant_button_width":"default-width-buttons","color_schemes":{"scheme-1":{"settings":{"background":"#ffffff","foreground_heading":"#000000","foreground":"#000000","primary":"#000000","primary_hover":"#82a31a","border":"#e6e6e6","shadow":"#000000","primary_button_background":"#c3cca6","primary_button_text":"#000000","primary_button_border":"#000000","primary_button_hover_background":"#000000","primary_button_hover_text":"#ffffff","primary_button_hover_border":"#000000","secondary_button_background":"#efefef","secondary_button_text":"#000000","secondary_button_border":"#000000","secondary_button_hover_background":"#dedede","secondary_button_hover_text":"#000000","secondary_button_hover_border":"#000000","input_background":"#ffffff","input_text_color":"#000000","input_border_color":"#00000014","input_hover_background":"#f5f5f5","variant_background_color":"#ffffff","variant_text_color":"#000000","variant_border_color":"#e6e6e6","variant_hover_background_color":"#f5f5f5","variant_hover_text_color":"#000000","variant_hover_border_color":"#e6e6e6","selected_variant_background_color":"#000000","selected_variant_text_color":"#ffffff","selected_variant_border_color":"#000000","selected_variant_hover_background_color":"#1a1a1a","selected_variant_hover_text_color":"#ffffff","selected_variant_hover_border_color":"#1a1a1a"}},"scheme-2":{"settings":{"background":"#f7f7f7","foreground_heading":"#000000","foreground":"#000000","primary":"#000000","primary_hover":"#000000","border":"#e6e6e6","shadow":"#000000","primary_button_background":"#c3cca6","primary_button_text":"#000000","primary_button_border":"#000000","primary_button_hover_background":"#000000","primary_button_hover_text":"#ffffff","primary_button_hover_border":"#000000","secondary_button_background":"#ffffff","secondary_button_text":"#000000","secondary_button_border":"#000000","secondary_button_hover_background":"#ffffff","secondary_button_hover_text":"#202020","secondary_button_hover_border":"#202020","input_background":"#ffffff","input_text_color":"#000000","input_border_color":"#000000","input_hover_background":"#f5f5f5","variant_background_color":"#ffffff","variant_text_color":"#000000","variant_border_color":"#e6e6e6","variant_hover_background_color":"#f5f5f5","variant_hover_text_color":"#000000","variant_hover_border_color":"#e6e6e6","selected_variant_background_color":"#000000","selected_variant_text_color":"#ffffff","selected_variant_border_color":"#000000","selected_variant_hover_background_color":"#1a1a1a","selected_variant_hover_text_color":"#ffffff","selected_variant_hover_border_color":"#1a1a1a"}},"scheme-3":{"settings":{"background":"#adc4c2","foreground_heading":"#000000","foreground":"#000000","primary":"#000000","primary_hover":"#000000","border":"#000000","shadow":"#000000","primary_button_background":"#000000","primary_button_text":"#ffffff","primary_button_border":"#000000","primary_button_hover_background":"#000000","primary_button_hover_text":"#ffffff","primary_button_hover_border":"#000000","secondary_button_background":"#68807e","secondary_button_text":"#ffffff","secondary_button_border":"#000000","secondary_button_hover_background":"#efefef","secondary_button_hover_text":"#000000","secondary_button_hover_border":"#000000","input_background":"#ffffff","input_text_color":"#000000","input_border_color":"#000000","input_hover_background":"#f5f5f5","variant_background_color":"#ffffff","variant_text_color":"#000000","variant_border_color":"#e6e6e6","variant_hover_background_color":"#f5f5f5","variant_hover_text_color":"#000000","variant_hover_border_color":"#e6e6e6","selected_variant_background_color":"#000000","selected_variant_text_color":"#ffffff","selected_variant_border_color":"#000000","selected_variant_hover_background_color":"#1a1a1a","selected_variant_hover_text_color":"#ffffff","selected_variant_hover_border_color":"#1a1a1a"}},"scheme-4":{"settings":{"background":"#fdc656","foreground_heading":"#000000","foreground":"#000000","primary":"#000000","primary_hover":"#000000","border":"#000000","shadow":"#000000","primary_button_background":"#ffffff","primary_button_text":"#000000","primary_button_border":"#ffffff","primary_button_hover_background":"#ffe6b4","primary_button_hover_text":"#000000","primary_button_hover_border":"#ffe6b4","secondary_button_background":"#fdc656","secondary_button_text":"#000000","secondary_button_border":"#000000","secondary_button_hover_background":"#fdc656","secondary_button_hover_text":"#303030","secondary_button_hover_border":"#303030","input_background":"#ffffff","input_text_color":"#000000","input_border_color":"#000000","input_hover_background":"#f5f5f5","variant_background_color":"#ffffff","variant_text_color":"#000000","variant_border_color":"#e6e6e6","variant_hover_background_color":"#f5f5f5","variant_hover_text_color":"#000000","variant_hover_border_color":"#e6e6e6","selected_variant_background_color":"#000000","selected_variant_text_color":"#ffffff","selected_variant_border_color":"#000000","selected_variant_hover_background_color":"#1a1a1a","selected_variant_hover_text_color":"#ffffff","selected_variant_hover_border_color":"#1a1a1a"}},"scheme-5":{"settings":{"background":"#000000","foreground_heading":"#ffffff","foreground":"#ffffff","primary":"#ffffff","primary_hover":"#acacac","border":"#666666","shadow":"#000000","primary_button_background":"#ffffff","primary_button_text":"#000000","primary_button_border":"#ffffff","primary_button_hover_background":"#dedede","primary_button_hover_text":"#000000","primary_button_hover_border":"#dedede","secondary_button_background":"#000000","secondary_button_text":"#ffffff","secondary_button_border":"#ffffff","secondary_button_hover_background":"#000000","secondary_button_hover_text":"#acacac","secondary_button_hover_border":"#acacac","input_background":"#000000","input_text_color":"#ffffff","input_border_color":"#ffffff","input_hover_background":"#181818bf","variant_background_color":"#ffffff","variant_text_color":"#000000","variant_border_color":"#e6e6e6","variant_hover_background_color":"#f5f5f5","variant_hover_text_color":"#000000","variant_hover_border_color":"#e6e6e6","selected_variant_background_color":"#000000","selected_variant_text_color":"#ffffff","selected_variant_border_color":"#000000","selected_variant_hover_background_color":"#1a1a1a","selected_variant_hover_text_color":"#ffffff","selected_variant_hover_border_color":"#1a1a1a"}},"scheme-6":{"settings":{"background":"rgba(0,0,0,0)","foreground_heading":"#ffffff","foreground":"#ffffff","primary":"#ffffff","primary_hover":"#acacac","border":"rgba(0,0,0,0)","shadow":"rgba(0,0,0,0)","primary_button_background":"#fdc656","primary_button_text":"#000000","primary_button_border":"#ffffff","primary_button_hover_background":"#dedede","primary_button_hover_text":"#000000","primary_button_hover_border":"#dedede","secondary_button_background":"rgba(0,0,0,0)","secondary_button_text":"#ffffff","secondary_button_border":"#ffffff","secondary_button_hover_background":"rgba(0,0,0,0)","secondary_button_hover_text":"#acacac","secondary_button_hover_border":"#acacac","input_background":"#ffffff","input_text_color":"#000000","input_border_color":"#000000","input_hover_background":"#f5f5f5","variant_background_color":"#ffffff","variant_text_color":"#000000","variant_border_color":"#e6e6e6","variant_hover_background_color":"#f5f5f5","variant_hover_text_color":"#000000","variant_hover_border_color":"#e6e6e6","selected_variant_background_color":"#000000","selected_variant_text_color":"#ffffff","selected_variant_border_color":"#000000","selected_variant_hover_background_color":"#1a1a1a","selected_variant_hover_text_color":"#ffffff","selected_variant_hover_border_color":"#1a1a1a"}},"scheme-7":{"settings":{"background":"#f1ede7","foreground_heading":"#000000","foreground":"#000000","primary":"#000000","primary_hover":"#000000","border":"#000000","shadow":"#000000","primary_button_background":"#c3cca6","primary_button_text":"#000000","primary_button_border":"#000000","primary_button_hover_background":"#000000","primary_button_hover_text":"#ffffff","primary_button_hover_border":"#000000","secondary_button_background":"#efefef","secondary_button_text":"#000000","secondary_button_border":"#000000","secondary_button_hover_background":"#dedede","secondary_button_hover_text":"#000000","secondary_button_hover_border":"#000000","input_background":"#ffffff","input_text_color":"#000000","input_border_color":"#000000","input_hover_background":"#f5f5f5","variant_background_color":"#ffffff","variant_text_color":"#000000","variant_border_color":"#e6e6e6","variant_hover_background_color":"#f5f5f5","variant_hover_text_color":"#000000","variant_hover_border_color":"#e6e6e6","selected_variant_background_color":"#000000","selected_variant_text_color":"#ffffff","selected_variant_border_color":"#000000","selected_variant_hover_background_color":"#1a1a1a","selected_variant_hover_text_color":"#ffffff","selected_variant_hover_border_color":"#1a1a1a"}},"scheme-8":{"settings":{"background":"#faf9f1","foreground_heading":"#000000","foreground":"#000000bd","primary":"#c3cca6","primary_hover":"#000000","border":"#e6e6e6","shadow":"#000000","primary_button_background":"#c3cca6","primary_button_text":"#000000","primary_button_border":"#000000","primary_button_hover_background":"#000000","primary_button_hover_text":"#ffffff","primary_button_hover_border":"#000000","secondary_button_background":"#efefef","secondary_button_text":"#000000","secondary_button_border":"#000000","secondary_button_hover_background":"#dedede","secondary_button_hover_text":"#000000","secondary_button_hover_border":"#000000","input_background":"#ffffff","input_text_color":"#000000","input_border_color":"#000000","input_hover_background":"#faf9f1","variant_background_color":"#ffffff","variant_text_color":"#000000","variant_border_color":"#e6e6e6","variant_hover_background_color":"#f5f5f5","variant_hover_text_color":"#000000","variant_hover_border_color":"#e6e6e6","selected_variant_background_color":"#000000","selected_variant_text_color":"#ffffff","selected_variant_border_color":"#000000","selected_variant_hover_background_color":"#1a1a1a","selected_variant_hover_text_color":"#ffffff","selected_variant_hover_border_color":"#1a1a1a"}}},"logo_height":36,"logo_height_mobile":28},"presets":{"Tinker":{"color_schemes":{"scheme-1":{"settings":{"background":"#ffffff","foreground_heading":"#000000","foreground":"#000000","primary":"#000000","primary_hover":"#82a31a","border":"#e6e6e6","shadow":"#000000","primary_button_background":"#c3cca6","primary_button_text":"#000000","primary_button_border":"#000000","primary_button_hover_background":"#000000","primary_button_hover_text":"#ffffff","primary_button_hover_border":"#000000","secondary_button_background":"#efefef","secondary_button_text":"#000000","secondary_button_border":"#000000","secondary_button_hover_background":"#dedede","secondary_button_hover_text":"#000000","secondary_button_hover_border":"#000000","input_background":"#ffffff","input_text_color":"#000000","input_border_color":"#00000014","input_hover_background":"#f5f5f5","variant_background_color":"#ffffff","variant_text_color":"#000000","variant_border_color":"#e6e6e6","variant_hover_background_color":"#f5f5f5","variant_hover_text_color":"#000000","variant_hover_border_color":"#e6e6e6","selected_variant_background_color":"#000000","selected_variant_text_color":"#ffffff","selected_variant_border_color":"#000000","selected_variant_hover_background_color":"#1a1a1a","selected_variant_hover_text_color":"#ffffff","selected_variant_hover_border_color":"#1a1a1a"}},"scheme-2":{"settings":{"background":"#f7f7f7","foreground_heading":"#000000","foreground":"#000000","primary":"#000000","primary_hover":"#000000","border":"#e6e6e6","shadow":"#000000","primary_button_background":"#c3cca6","primary_button_text":"#000000","primary_button_border":"#000000","primary_button_hover_background":"#000000","primary_button_hover_text":"#ffffff","primary_button_hover_border":"#000000","secondary_button_background":"#ffffff","secondary_button_text":"#000000","secondary_button_border":"#000000","secondary_button_hover_background":"#ffffff","secondary_button_hover_text":"#202020","secondary_button_hover_border":"#202020","input_background":"#ffffff","input_text_color":"#000000","input_border_color":"#000000","input_hover_background":"#f5f5f5","variant_background_color":"#ffffff","variant_text_color":"#000000","variant_border_color":"#e6e6e6","variant_hover_background_color":"#f5f5f5","variant_hover_text_color":"#000000","variant_hover_border_color":"#e6e6e6","selected_variant_background_color":"#000000","selected_variant_text_color":"#ffffff","selected_variant_border_color":"#000000","selected_variant_hover_background_color":"#1a1a1a","selected_variant_hover_text_color":"#ffffff","selected_variant_hover_border_color":"#1a1a1a"}},"scheme-3":{"settings":{"background":"#adc4c2","foreground_heading":"#000000","foreground":"#000000","primary":"#000000","primary_hover":"#000000","border":"#000000","shadow":"#000000","primary_button_background":"#000000","primary_button_text":"#ffffff","primary_button_border":"#000000","primary_button_hover_background":"#000000","primary_button_hover_text":"#ffffff","primary_button_hover_border":"#000000","secondary_button_background":"#68807e","secondary_button_text":"#ffffff","secondary_button_border":"#000000","secondary_button_hover_background":"#efefef","secondary_button_hover_text":"#000000","secondary_button_hover_border":"#000000","input_background":"#ffffff","input_text_color":"#000000","input_border_color":"#000000","input_hover_background":"#f5f5f5","variant_background_color":"#ffffff","variant_text_color":"#000000","variant_border_color":"#e6e6e6","variant_hover_background_color":"#f5f5f5","variant_hover_text_color":"#000000","variant_hover_border_color":"#e6e6e6","selected_variant_background_color":"#000000","selected_variant_text_color":"#ffffff","selected_variant_border_color":"#000000","selected_variant_hover_background_color":"#1a1a1a","selected_variant_hover_text_color":"#ffffff","selected_variant_hover_border_color":"#1a1a1a"}},"scheme-4":{"settings":{"background":"#fdc656","foreground_heading":"#000000","foreground":"#000000","primary":"#000000","primary_hover":"#000000","border":"#000000","shadow":"#000000","primary_button_background":"#ffffff","primary_button_text":"#000000","primary_button_border":"#ffffff","primary_button_hover_background":"#ffe6b4","primary_button_hover_text":"#000000","primary_button_hover_border":"#ffe6b4","secondary_button_background":"#fdc656","secondary_button_text":"#000000","secondary_button_border":"#000000","secondary_button_hover_background":"#fdc656","secondary_button_hover_text":"#303030","secondary_button_hover_border":"#303030","input_background":"#ffffff","input_text_color":"#000000","input_border_color":"#000000","input_hover_background":"#f5f5f5","variant_background_color":"#ffffff","variant_text_color":"#000000","variant_border_color":"#e6e6e6","variant_hover_background_color":"#f5f5f5","variant_hover_text_color":"#000000","variant_hover_border_color":"#e6e6e6","selected_variant_background_color":"#000000","selected_variant_text_color":"#ffffff","selected_variant_border_color":"#000000","selected_variant_hover_background_color":"#1a1a1a","selected_variant_hover_text_color":"#ffffff","selected_variant_hover_border_color":"#1a1a1a"}},"scheme-5":{"settings":{"background":"#000000","foreground_heading":"#ffffff","foreground":"#ffffff","primary":"#ffffff","primary_hover":"#acacac","border":"#666666","shadow":"#000000","primary_button_background":"#ffffff","primary_button_text":"#000000","primary_button_border":"#ffffff","primary_button_hover_background":"#dedede","primary_button_hover_text":"#000000","primary_button_hover_border":"#dedede","secondary_button_background":"#000000","secondary_button_text":"#ffffff","secondary_button_border":"#ffffff","secondary_button_hover_background":"#000000","secondary_button_hover_text":"#acacac","secondary_button_hover_border":"#acacac","input_background":"#000000","input_text_color":"#ffffff","input_border_color":"#ffffff","input_hover_background":"#181818bf","variant_background_color":"#ffffff","variant_text_color":"#000000","variant_border_color":"#e6e6e6","variant_hover_background_color":"#f5f5f5","variant_hover_text_color":"#000000","variant_hover_border_color":"#e6e6e6","selected_variant_background_color":"#000000","selected_variant_text_color":"#ffffff","selected_variant_border_color":"#000000","selected_variant_hover_background_color":"#1a1a1a","selected_variant_hover_text_color":"#ffffff","selected_variant_hover_border_color":"#1a1a1a"}},"scheme-6":{"settings":{"background":"rgba(0,0,0,0)","foreground_heading":"#ffffff","foreground":"#ffffff","primary":"#ffffff","primary_hover":"#acacac","border":"rgba(0,0,0,0)","shadow":"rgba(0,0,0,0)","primary_button_background":"#fdc656","primary_button_text":"#000000","primary_button_border":"#ffffff","primary_button_hover_background":"#dedede","primary_button_hover_text":"#000000","primary_button_hover_border":"#dedede","secondary_button_background":"rgba(0,0,0,0)","secondary_button_text":"#ffffff","secondary_button_border":"#ffffff","secondary_button_hover_background":"rgba(0,0,0,0)","secondary_button_hover_text":"#acacac","secondary_button_hover_border":"#acacac","input_background":"#ffffff","input_text_color":"#000000","input_border_color":"#000000","input_hover_background":"#f5f5f5","variant_background_color":"#ffffff","variant_text_color":"#000000","variant_border_color":"#e6e6e6","variant_hover_background_color":"#f5f5f5","variant_hover_text_color":"#000000","variant_hover_border_color":"#e6e6e6","selected_variant_background_color":"#000000","selected_variant_text_color":"#ffffff","selected_variant_border_color":"#000000","selected_variant_hover_background_color":"#1a1a1a","selected_variant_hover_text_color":"#ffffff","selected_variant_hover_border_color":"#1a1a1a"}},"scheme-7":{"settings":{"background":"#f1ede7","foreground_heading":"#000000","foreground":"#000000","primary":"#000000","primary_hover":"#000000","border":"#000000","shadow":"#000000","primary_button_background":"#c3cca6","primary_button_text":"#000000","primary_button_border":"#000000","primary_button_hover_background":"#000000","primary_button_hover_text":"#ffffff","primary_button_hover_border":"#000000","secondary_button_background":"#efefef","secondary_button_text":"#000000","secondary_button_border":"#000000","secondary_button_hover_background":"#dedede","secondary_button_hover_text":"#000000","secondary_button_hover_border":"#000000","input_background":"#ffffff","input_text_color":"#000000","input_border_color":"#000000","input_hover_background":"#f5f5f5","variant_background_color":"#ffffff","variant_text_color":"#000000","variant_border_color":"#e6e6e6","variant_hover_background_color":"#f5f5f5","variant_hover_text_color":"#000000","variant_hover_border_color":"#e6e6e6","selected_variant_background_color":"#000000","selected_variant_text_color":"#ffffff","selected_variant_border_color":"#000000","selected_variant_hover_background_color":"#1a1a1a","selected_variant_hover_text_color":"#ffffff","selected_variant_hover_border_color":"#1a1a1a"}},"scheme-8":{"settings":{"background":"#faf9f1","foreground_heading":"#000000","foreground":"#000000bd","primary":"#c3cca6","primary_hover":"#000000","border":"#e6e6e6","shadow":"#000000","primary_button_background":"#c3cca6","primary_button_text":"#000000","primary_button_border":"#000000","primary_button_hover_background":"#000000","primary_button_hover_text":"#ffffff","primary_button_hover_border":"#000000","secondary_button_background":"#efefef","secondary_button_text":"#000000","secondary_button_border":"#000000","secondary_button_hover_background":"#dedede","secondary_button_hover_text":"#000000","secondary_button_hover_border":"#000000","input_background":"#ffffff","input_text_color":"#000000","input_border_color":"#000000","input_hover_background":"#faf9f1","variant_background_color":"#ffffff","variant_text_color":"#000000","variant_border_color":"#e6e6e6","variant_hover_background_color":"#f5f5f5","variant_hover_text_color":"#000000","variant_hover_border_color":"#e6e6e6","selected_variant_background_color":"#000000","selected_variant_text_color":"#ffffff","selected_variant_border_color":"#000000","selected_variant_hover_background_color":"#1a1a1a","selected_variant_hover_text_color":"#ffffff","selected_variant_hover_border_color":"#1a1a1a"}}}}}}